quarter,304,309,307,203,308,REST,TOTAL
2004-Q1,234.1,271.3,162.4,142.8,38.3,274.6,1123.5
2004-Q2,562.7,273.0,164.0,148.3,92.1,273.9,1514.0
2004-Q3,729.9,276.6,167.4,148.1,119.4,272.6,1714.0
2004-Q4,320.7,281.9,172.4,148.6,52.5,270.5,1246.7
2005-Q1,249.5,289.0,179.1,149.1,42.2,267.8,1176.7
2005-Q2,584.9,294.7,184.4,151.2,98.9,267.4,1581.5
2005-Q3,760.6,298.9,188.2,152.8,128.7,269.4,1798.6
2005-Q4,355.2,301.6,190.7,153.8,60.1,273.7,1335.1
2006-Q1,252.5,302.9,191.8,155.4,44.1,280.4,1227.1
2006-Q2,637.4,304.4,194.6,159.8,111.4,286.2,1693.8
2006-Q3,811.6,306.2,199.3,160.1,141.8,291.2,1910.2
2006-Q4,367.7,308.2,205.8,160.4,64.2,295.3,1401.5
2007-Q1,289.5,310.4,214.1,167.9,52.2,298.5,1332.6
2007-Q2,679.0,312.8,220.7,172.9,122.3,302.7,1810.5
2007-Q3,879.1,315.4,225.5,173.5,158.4,307.9,2059.8
2007-Q4,378.3,318.1,228.7,174.2,68.2,314.1,1481.5
2008-Q1,280.6,320.9,230.1,175.3,56.8,321.2,1385.0
2008-Q2,685.4,323.5,231.1,182.9,138.8,324.7,1886.4
2008-Q3,875.6,325.8,231.8,186.0,177.3,324.5,2121.0
2008-Q4,374.7,327.8,232.2,180.6,75.9,320.7,1511.9
2009-Q1,245.7,329.5,216.6,143.8,44.2,313.2,1293.1
2009-Q2,671.0,330.7,252.7,144.1,120.7,306.6,1825.8
2009-Q3,883.1,331.3,239.9,145.0,158.8,300.8,2059.0
2009-Q4,380.6,331.4,248.0,145.4,68.5,295.9,1469.7
2010-Q1,239.3,330.9,272.4,121.3,40.1,291.7,1295.8
2010-Q2,653.9,329.2,250.7,123.1,109.6,288.4,1754.9
2010-Q3,967.3,326.5,249.9,123.4,162.2,285.7,2115.0
2010-Q4,398.9,322.5,283.7,123.9,66.9,283.8,1479.7
2011-Q1,244.6,317.4,298.3,102.8,38.7,282.7,1284.5
2011-Q2,718.6,311.5,244.1,103.0,113.7,281.3,1772.1
2011-Q3,944.7,304.7,232.2,103.2,149.4,279.6,2013.8
2011-Q4,373.0,297.0,262.9,103.3,59.0,277.6,1372.9
2012-Q1,243.2,288.5,269.0,79.4,35.2,275.4,1190.8
2012-Q2,713.9,283.6,271.1,79.5,103.4,273.2,1724.7
2012-Q3,954.9,282.2,265.0,80.0,138.3,271.1,1991.6
2012-Q4,378.1,284.5,283.5,80.1,54.8,269.0,1350.0
2013-Q1,237.0,290.3,194.5,69.8,34.1,266.9,1092.7
2013-Q2,732.9,294.0,243.2,69.8,105.6,265.4,1710.8
2013-Q3,978.4,295.6,299.1,69.9,140.9,264.4,2048.3
2013-Q4,388.8,295.1,425.3,69.9,56.0,263.9,1499.0
2014-Q1,236.3,292.5,264.6,68.5,36.3,263.9,1162.1
2014-Q2,807.9,290.8,289.6,68.5,123.9,265.5,1846.2
2014-Q3,1021.3,289.9,282.8,68.6,156.7,268.7,2088.1
2014-Q4,404.8,290.0,339.2,68.9,62.1,273.6,1438.6
2015-Q1,241.0,290.9,287.9,71.1,36.5,280.1,1207.6
2015-Q2,842.6,292.2,279.9,71.7,127.6,286.0,1900.0
2015-Q3,1080.4,294.0,300.5,71.8,163.6,291.1,2201.4
2015-Q4,448.4,296.1,332.2,71.8,67.9,295.5,1511.9
2016-Q1,293.8,298.7,293.4,76.7,45.4,299.2,1307.2
2016-Q2,910.2,301.6,334.1,77.3,140.6,302.3,2066.1
2016-Q3,1179.0,304.6,283.6,77.3,182.1,304.8,2331.4
2016-Q4,520.6,307.9,353.3,77.4,80.4,306.6,1646.2
2017-Q1,326.6,311.5,286.8,90.5,52.8,307.8,1376.0
2017-Q2,1045.2,315.0,332.7,90.9,169.0,309.5,2262.2
2017-Q3,1288.0,318.5,322.4,91.3,208.3,311.7,2540.2
2017-Q4,523.8,322.1,404.3,91.6,84.7,314.4,1741.0
2018-Q1,337.7,325.7,341.0,102.9,56.7,317.6,1481.5
2018-Q2,1082.3,330.1,375.4,103.9,181.7,321.8,2395.2
2018-Q3,1303.8,335.3,337.9,104.6,218.9,326.9,2627.4
2018-Q4,599.1,341.4,344.8,105.0,100.6,332.9,1823.9
2019-Q1,388.1,348.3,349.4,110.5,67.1,340.0,1603.4
2019-Q2,1153.0,352.1,356.9,111.7,199.4,341.9,2515.0
2019-Q3,1351.0,352.8,354.1,112.2,233.6,338.7,2742.4
2019-Q4,607.9,350.4,404.6,113.0,105.1,330.4,1911.5
2020-Q1,786.4,345.0,414.8,115.5,157.3,317.0,2135.9
2020-Q2,38.2,343.7,245.9,114.2,7.6,309.1,1058.7
2020-Q3,1095.2,346.7,388.2,116.5,219.0,306.6,2472.3
2020-Q4,395.8,353.9,428.8,117.0,79.2,309.7,1684.4
2021-Q1,44.3,365.4,258.0,117.9,9.4,318.2,1113.2
2021-Q2,431.5,374.6,349.5,121.2,92.0,328.0,1696.8
2021-Q3,1269.7,381.5,421.7,123.7,270.7,339.0,2806.3
2021-Q4,968.3,386.2,494.9,126.1,206.5,351.2,2533.3
2022-Q1,381.7,388.7,420.7,148.2,78.8,364.7,1782.9
2022-Q2,1363.1,392.8,451.5,156.6,281.5,381.7,3027.2
2022-Q3,1574.3,398.4,387.7,158.0,325.1,402.3,3245.8
2022-Q4,794.9,405.6,356.7,159.0,164.2,426.5,2306.9
2023-Q1,531.0,414.4,412.4,175.3,106.5,454.2,2093.9
2023-Q2,1484.3,423.7,387.2,175.2,297.6,477.0,3245.0
2023-Q3,1761.8,433.4,363.1,175.6,353.2,494.9,3582.0
2023-Q4,873.6,443.6,414.3,176.2,175.1,507.8,2590.7
2024-Q1,604.9,454.3,337.7,187.8,121.3,515.8,2221.7
2024-Q2,1603.9,462.3,420.2,189.7,321.6,521.7,3519.4
2024-Q3,1878.9,467.6,440.3,190.2,376.7,525.7,3879.3
2024-Q4,940.6,470.3,506.9,191.5,188.6,527.7,2825.5
